Distance_km,Weather,Traffic_Level,Time_of_Day,Vehicle_Type,Preparation_Time_min,Courier_Experience_yrs,Delivery_Time_min
10.2,Windy,Low,Afternoon,Scooter,12.0,1.0,43.0
16.42,Clear,Medium,Evening,Bike,20.0,2.0,84.0
9.52,Clear,Low,Night,Scooter,28.0,1.0,59.0
7.44,Rainy,Medium,Afternoon,Scooter,5.0,1.0,37.0
19.03,Clear,Low,Morning,Bike,16.0,5.0,68.0
19.4,Clear,Low,Evening,Scooter,8.0,9.0,57.0
9.52,Clear,Low,Morning,Bike,12.0,1.0,49.0
17.39,Clear,Medium,Evening,Scooter,5.0,6.0,46.0
1.78,Snowy,Low,Evening,Car,20.0,6.0,35.0
10.62,Foggy,Low,Evening,Scooter,29.0,1.0,73.0
16.86,Snowy,Medium,Afternoon,Car,13.0,4.0,88.0
15.54,Clear,Low,Night,Bike,29.0,1.0,76.0
10.89,Clear,High,Night,Bike,12.0,5.0,53.0
4.69,Rainy,Medium,Evening,Scooter,12.0,7.0,36.0
2.8,Clear,High,Morning,Scooter,10.0,5.0,33.0
2.17,Snowy,Low,Evening,Car,15.0,3.0,35.0
17.86,Rainy,Low,Afternoon,Bike,5.0,1.0,50.0
2.53,Snowy,Low,Morning,Bike,6.0,8.0,24.0
6.58,Foggy,Low,Evening,Car,6.0,7.0,27.0
5.38,Clear,Medium,Evening,Scooter,26.0,1.0,47.0
15.56,Rainy,Low,Afternoon,Scooter,28.0,0.0,72.0
13.08,Rainy,Low,Morning,Car,16.0,4.0,58.0
0.86,Clear,High,Afternoon,Bike,26.0,5.0,37.0
5.83,Clear,High,Evening,Car,27.0,9.0,56.0
11.2,Clear,Medium,Morning,Bike,23.0,5.0,73.0
14.59,Clear,Medium,Morning,Bike,15.0,6.0,64.0
12.91,Windy,Medium,Evening,Bike,11.0,6.0,56.0
13.92,Snowy,Low,Morning,Scooter,18.0,4.0,70.0
4.04,Snowy,Low,Night,Bike,11.0,9.0,70.0
18.05,Clear,Medium,Evening,Scooter,10.0,7.0,123.0
12.88,Clear,Medium,Morning,Scooter,8.0,5.0,52.0
19.45,Rainy,High,Morning,Scooter,20.0,6.0,108.0
4.58,Clear,High,Morning,Scooter,22.0,9.0,45.0
19.73,Foggy,Medium,Evening,Bike,27.0,4.0,111.0
2.47,Windy,Medium,Morning,Bike,27.0,2.0,44.0
17.8,Snowy,Medium,Morning,Bike,16.0,9.0,73.0
5.96,Clear,Medium,Afternoon,Bike,22.0,7.0,45.0
12.85,Windy,Medium,Afternoon,Scooter,18.0,7.0,61.0
1.02,Clear,Medium,Afternoon,Bike,25.0,4.0,34.0
6.84,Rainy,Medium,Night,Car,14.0,8.0,47.0
8.68,Rainy,Medium,Morning,Bike,8.0,5.0,52.0
10.69,Clear,Medium,Night,Bike,25.0,9.0,67.0
0.99,Clear,Medium,Evening,Bike,15.0,5.0,32.0
1.11,Clear,Low,Morning,Bike,5.0,6.0,8.0
2.16,Snowy,Low,Evening,Scooter,15.0,0.0,36.0
13.17,Windy,Medium,Afternoon,Bike,16.0,4.0,67.0
8.79,Snowy,Low,Night,Bike,14.0,6.0,43.0
5.93,Clear,Low,Afternoon,Scooter,19.0,3.0,36.0
2.09,Rainy,Low,Night,Bike,23.0,2.0,36.0
7.57,Clear,Low,Morning,Bike,21.0,0.0,56.0
10.52,Rainy,Medium,Afternoon,Scooter,8.0,4.0,56.0
4.83,Rainy,Low,Morning,Car,25.0,9.0,47.0
19.81,Snowy,Medium,Afternoon,Car,20.0,5.0,104.0
10.1,Rainy,Low,Evening,Car,8.0,4.0,50.0
7.64,Windy,Low,Afternoon,Car,10.0,8.0,31.0
12.35,Clear,Low,Morning,Scooter,10.0,6.0,35.0
5.9,Rainy,Low,Evening,Car,26.0,9.0,44.0
0.9,Clear,Low,Afternoon,Bike,20.0,8.0,23.0
11.58,Clear,Medium,Morning,Scooter,16.0,2.0,61.0
16.16,Clear,High,Afternoon,Bike,11.0,1.0,82.0
15.51,Clear,Low,Evening,Bike,17.0,9.0,69.0
12.16,Windy,High,Evening,Scooter,11.0,0.0,69.0
4.96,Rainy,High,Morning,Bike,21.0,0.0,60.0
3.64,Windy,High,Evening,Bike,17.0,6.0,40.0
2.85,Clear,Low,Morning,Scooter,26.0,0.0,38.0
10.4,Clear,Low,Evening,Bike,16.0,4.0,52.0
12.31,Windy,Low,Morning,Bike,29.0,4.0,68.0
3.53,Clear,Medium,Afternoon,Bike,13.0,7.0,31.0
15.56,Clear,Medium,Evening,Bike,14.0,3.0,54.0
13.6,Clear,Medium,Afternoon,Bike,27.0,0.0,87.0
15.23,Snowy,High,Morning,Bike,5.0,0.0,62.0
4.17,Clear,Low,Evening,Scooter,5.0,1.0,22.0
3.21,Rainy,High,Night,Scooter,16.0,0.0,42.0
6.38,Snowy,Low,Evening,Bike,16.0,1.0,111.0
16.54,Rainy,Low,Afternoon,Scooter,6.0,7.0,51.0
12.02,Clear,Low,Morning,Car,9.0,7.0,41.0
11.94,Clear,Low,Evening,Bike,20.0,3.0,69.0
9.08,Clear,Low,Afternoon,Scooter,14.0,5.0,49.0
3.46,Snowy,Medium,Morning,Scooter,23.0,3.0,48.0
6.8,Foggy,Medium,Morning,Scooter,13.0,7.0,46.0
17.38,Rainy,Medium,Afternoon,Scooter,11.0,2.0,92.0
3.25,Clear,Low,Morning,Bike,23.0,7.0,32.0
10.28,Clear,Medium,Evening,Scooter,29.0,3.0,71.0
16.14,Clear,Low,Night,Car,6.0,9.0,65.0
3.55,Clear,Medium,Evening,Bike,23.0,0.0,43.0
10.65,Clear,Medium,Afternoon,Scooter,23.0,8.0,58.0
19.03,Clear,Low,Afternoon,Car,26.0,5.0,68.0
7.3,Clear,Low,Night,Scooter,14.0,7.0,28.0
7.03,Clear,Low,Evening,Scooter,21.0,1.0,44.0
12.43,Snowy,Low,Afternoon,Car,12.0,0.0,70.0
12.76,Windy,High,Morning,Scooter,27.0,5.0,74.0
11.39,Rainy,High,Evening,Scooter,14.0,1.0,72.0
19.41,Clear,Low,Morning,Car,7.0,3.0,48.0
13.17,Rainy,High,Evening,Scooter,17.0,8.0,69.0
8.32,Rainy,Low,Afternoon,Car,12.0,2.0,49.0
1.92,Clear,Low,Morning,Bike,8.0,7.0,14.0
1.15,Clear,Low,Afternoon,Scooter,26.0,4.0,30.0
17.8,Windy,High,Afternoon,Car,12.0,9.0,73.0
7.46,Clear,Medium,Evening,Bike,8.0,5.0,42.0
7.25,Clear,Medium,Afternoon,Scooter,18.0,4.0,45.0
16.7,Clear,Medium,Afternoon,Scooter,28.0,1.0,76.0
17.2,Rainy,High,Afternoon,Scooter,14.0,2.0,94.0
0.86,Clear,Medium,Afternoon,Car,21.0,7.0,28.0
18.76,Clear,Medium,Evening,Car,15.0,2.0,80.0
9.22,Clear,Medium,Afternoon,Car,18.0,9.0,57.0
2.84,Clear,Low,Evening,Scooter,24.0,2.0,35.0
17.59,Clear,Low,Morning,Bike,24.0,6.0,69.0
14.89,Snowy,High,Morning,Scooter,17.0,6.0,87.0
1.3,Clear,Medium,Evening,Bike,22.0,4.0,31.0
18.99,Rainy,High,Afternoon,Bike,10.0,6.0,70.0
1.6,Foggy,Low,Night,Scooter,24.0,5.0,37.0
8.26,Snowy,Low,Afternoon,Bike,15.0,1.0,57.0
10.16,Clear,High,Night,Bike,12.0,5.0,52.0
12.03,Clear,Medium,Morning,Car,20.0,5.0,65.0
14.73,Rainy,Low,Afternoon,Bike,24.0,6.0,74.0
12.56,Clear,High,Evening,Bike,17.0,5.0,69.0
5.53,Clear,Medium,Afternoon,Bike,19.0,1.0,44.0
10.18,Foggy,Medium,Morning,Bike,25.0,3.0,73.0
15.5,Clear,Medium,Morning,Scooter,28.0,9.0,91.0
2.98,Foggy,Medium,Night,Bike,11.0,2.0,27.0
16.69,Foggy,Medium,Evening,Scooter,8.0,2.0,65.0
11.22,Windy,High,Evening,Bike,25.0,5.0,79.0
8.53,Clear,Low,Evening,Scooter,8.0,2.0,41.0
12.49,Clear,Medium,Morning,Bike,25.0,4.0,77.0
0.97,Clear,Low,Night,Scooter,24.0,8.0,26.0
12.6,Windy,Medium,Afternoon,Car,8.0,6.0,58.0
6.91,Clear,Medium,Evening,Scooter,28.0,9.0,56.0
18.97,Clear,Low,Evening,Car,25.0,4.0,141.0
4.05,Clear,Medium,Evening,Bike,20.0,5.0,44.0
14.29,Windy,Medium,Morning,Bike,14.0,7.0,78.0
1.3,Foggy,Low,Evening,Bike,19.0,5.0,29.0
12.11,Rainy,Low,Morning,Bike,9.0,5.0,59.0
14.94,Clear,Medium,Morning,Bike,11.0,0.0,62.0
2.29,Rainy,High,Afternoon,Car,8.0,8.0,80.0
17.36,Rainy,High,Afternoon,Bike,24.0,1.0,105.0
18.48,Clear,Medium,Night,Bike,8.0,0.0,82.0
16.25,Foggy,High,Morning,Bike,10.0,5.0,91.0
5.13,Clear,Low,Morning,Car,15.0,4.0,30.0
15.81,Clear,Low,Morning,Car,25.0,1.0,92.0
0.61,Clear,Low,Afternoon,Scooter,10.0,0.0,16.0
5.55,Foggy,High,Evening,Bike,18.0,1.0,116.0
19.35,Clear,High,Morning,Bike,12.0,7.0,75.0
4.03,Clear,Medium,Evening,Bike,9.0,5.0,25.0
7.09,Snowy,Low,Morning,Scooter,13.0,8.0,37.0
8.25,Clear,Medium,Afternoon,Bike,7.0,9.0,28.0
11.26,Clear,Low,Night,Bike,5.0,6.0,49.0
19.7,Rainy,Low,Evening,Bike,10.0,2.0,60.0
0.8,Snowy,High,Evening,Bike,14.0,9.0,36.0
7.0,Rainy,Medium,Evening,Bike,17.0,9.0,49.0
14.43,Clear,Medium,Morning,Car,14.0,4.0,113.0
6.89,Rainy,Medium,Afternoon,Bike,11.0,6.0,43.0
5.13,Foggy,Medium,Evening,Car,25.0,1.0,60.0
1.5,Clear,Low,Afternoon,Bike,10.0,1.0,17.0
2.78,Clear,High,Afternoon,Scooter,9.0,0.0,41.0
11.31,Clear,Medium,Evening,Bike,7.0,0.0,54.0
15.05,Clear,Medium,Evening,Car,12.0,2.0,66.0
5.78,Foggy,Low,Afternoon,Scooter,9.0,9.0,33.0
11.83,Clear,Low,Evening,Scooter,9.0,7.0,32.0
8.08,Foggy,Low,Morning,Bike,25.0,2.0,61.0
16.1,Clear,Low,Evening,Bike,25.0,0.0,64.0
9.74,Rainy,Medium,Evening,Scooter,7.0,8.0,37.0
17.6,Clear,Low,Afternoon,Bike,27.0,3.0,69.0
10.22,Snowy,Medium,Night,Bike,18.0,1.0,68.0
2.19,Clear,Low,Evening,Bike,26.0,3.0,32.0
11.41,Windy,Medium,Afternoon,Scooter,17.0,4.0,68.0
4.14,Clear,Medium,Morning,Scooter,14.0,2.0,30.0
12.65,Rainy,Low,Afternoon,Bike,18.0,8.0,60.0
4.15,Clear,Medium,Morning,Car,17.0,8.0,46.0
16.8,Clear,High,Morning,Car,19.0,4.0,85.0
9.06,Clear,Medium,Evening,Bike,23.0,4.0,47.0
13.04,Clear,Medium,Morning,Scooter,20.0,6.0,65.0
10.7,Clear,Medium,Afternoon,Scooter,8.0,5.0,44.0
6.15,Foggy,Low,Evening,Scooter,26.0,5.0,48.0
16.47,Snowy,High,Evening,Scooter,20.0,9.0,75.0
1.39,Clear,Medium,Afternoon,Bike,15.0,4.0,24.0
11.14,Rainy,Medium,Morning,Scooter,7.0,3.0,47.0
3.81,Rainy,High,Afternoon,Bike,5.0,6.0,31.0
2.39,Rainy,Medium,Evening,Bike,27.0,7.0,43.0
11.74,Clear,High,Evening,Car,6.0,3.0,54.0
8.26,Clear,Low,Morning,Car,21.0,4.0,80.0
9.54,Rainy,Medium,Evening,Scooter,11.0,5.0,47.0
3.88,Clear,Medium,Morning,Bike,16.0,2.0,35.0
0.95,Rainy,Medium,Morning,Car,27.0,0.0,44.0
8.59,Clear,Low,Night,Scooter,17.0,8.0,36.0
8.59,Clear,Low,Evening,Bike,22.0,2.0,43.0
14.21,Clear,Medium,Evening,Bike,24.0,5.0,58.0
13.03,Foggy,Low,Morning,Scooter,9.0,1.0,50.0
8.03,Clear,Low,Evening,Scooter,14.0,8.0,42.0
13.2,Snowy,Low,Morning,Car,14.0,3.0,62.0
12.67,Clear,Medium,Evening,Car,10.0,3.0,65.0
17.54,Clear,Medium,Morning,Car,16.0,8.0,54.0
9.32,Clear,Low,Morning,Scooter,6.0,5.0,30.0
6.03,Rainy,High,Afternoon,Car,8.0,6.0,46.0
15.71,Clear,Low,Afternoon,Scooter,28.0,5.0,69.0
4.87,Snowy,High,Evening,Bike,16.0,7.0,54.0
18.15,Rainy,High,Morning,Bike,22.0,7.0,108.0
0.78,Clear,Medium,Morning,Bike,6.0,1.0,17.0
0.6,Clear,Low,Afternoon,Bike,26.0,3.0,30.0
2.09,Clear,Medium,Evening,Bike,5.0,5.0,16.0
7.49,Clear,Medium,Morning,Scooter,13.0,9.0,45.0
1.41,Foggy,Medium,Evening,Bike,15.0,0.0,72.0
18.92,Clear,High,Morning,Scooter,27.0,4.0,100.0
12.41,Clear,Medium,Morning,Car,10.0,1.0,51.0
1.06,Clear,Low,Afternoon,Scooter,19.0,6.0,21.0
18.34,Clear,High,Night,Bike,9.0,4.0,92.0
13.52,Clear,Low,Morning,Scooter,27.0,1.0,82.0
16.79,Foggy,High,Afternoon,Bike,24.0,6.0,85.0
15.39,Clear,Medium,Evening,Scooter,24.0,5.0,89.0
7.39,Rainy,Medium,Morning,Scooter,25.0,6.0,60.0
10.98,Rainy,Low,Morning,Scooter,10.0,6.0,55.0
11.08,Snowy,Medium,Morning,Bike,9.0,0.0,57.0
5.41,Clear,Medium,Night,Bike,14.0,5.0,36.0
0.94,Clear,High,Morning,Bike,9.0,6.0,21.0
7.27,Windy,Low,Afternoon,Bike,10.0,5.0,35.0
2.99,Windy,Medium,Morning,Bike,27.0,5.0,41.0
15.28,Snowy,Low,Evening,Bike,16.0,5.0,72.0
2.48,Windy,Medium,Afternoon,Car,14.0,6.0,27.0
17.13,Rainy,Low,Evening,Car,19.0,1.0,71.0
7.17,Clear,Low,Afternoon,Bike,15.0,7.0,32.0
5.47,Rainy,Low,Morning,Car,21.0,6.0,38.0
19.53,Foggy,Low,Afternoon,Bike,11.0,6.0,87.0
7.5,Clear,High,Morning,Bike,29.0,1.0,66.0
5.61,Windy,Low,Night,Bike,25.0,9.0,48.0
4.1,Clear,Low,Morning,Bike,21.0,3.0,37.0
6.22,Rainy,Medium,Morning,Bike,15.0,0.0,49.0
14.77,Clear,High,Morning,Scooter,11.0,6.0,67.0
12.55,Windy,Low,Evening,Bike,13.0,8.0,51.0
10.31,Foggy,Medium,Morning,Scooter,19.0,5.0,62.0
8.72,Snowy,Medium,Evening,Car,18.0,7.0,64.0
17.07,Clear,Medium,Morning,Bike,20.0,6.0,73.0
8.27,Clear,High,Afternoon,Scooter,13.0,5.0,58.0
7.54,Snowy,Low,Afternoon,Bike,20.0,5.0,55.0
14.07,Clear,High,Afternoon,Bike,5.0,8.0,67.0
19.02,Clear,Medium,Afternoon,Bike,29.0,9.0,87.0
19.0,Clear,High,Morning,Car,28.0,3.0,96.0
3.83,Rainy,Medium,Afternoon,Bike,12.0,9.0,30.0
10.3,Clear,Low,Evening,Scooter,19.0,8.0,48.0
8.09,Clear,High,Afternoon,Scooter,15.0,4.0,51.0
18.06,Clear,Medium,Night,Bike,9.0,8.0,52.0
2.76,Windy,Medium,Morning,Scooter,8.0,5.0,22.0
12.17,Snowy,Low,Evening,Bike,20.0,8.0,68.0
12.33,Clear,Medium,Evening,Bike,22.0,9.0,75.0
1.38,Clear,Medium,Evening,Scooter,5.0,8.0,13.0
18.49,Clear,Low,Afternoon,Scooter,14.0,6.0,71.0
10.57,Snowy,Low,Afternoon,Bike,28.0,9.0,59.0
2.0,Clear,High,Evening,Scooter,10.0,2.0,30.0
3.29,Clear,Medium,Afternoon,Scooter,17.0,4.0,32.0
1.94,Rainy,Medium,Morning,Bike,16.0,0.0,35.0
6.56,Windy,Medium,Morning,Bike,14.0,1.0,47.0
9.58,Clear,High,Afternoon,Car,26.0,8.0,60.0
6.95,Clear,Medium,Morning,Scooter,25.0,2.0,58.0
14.05,Clear,High,Morning,Scooter,19.0,0.0,72.0
18.97,Rainy,High,Night,Bike,20.0,8.0,108.0
13.53,Rainy,Low,Evening,Bike,28.0,8.0,78.0
15.14,Rainy,Medium,Morning,Bike,8.0,6.0,66.0
5.96,Clear,Low,Afternoon,Bike,26.0,6.0,48.0
3.43,Windy,Medium,Morning,Bike,7.0,6.0,23.0
6.24,Clear,Medium,Evening,Bike,15.0,3.0,52.0
17.94,Rainy,High,Evening,Scooter,22.0,6.0,85.0
3.54,Rainy,Medium,Evening,Bike,10.0,5.0,32.0
16.38,Rainy,Medium,Night,Bike,7.0,5.0,90.0
7.81,Clear,Low,Evening,Bike,11.0,4.0,42.0
8.84,Clear,Medium,Morning,Bike,26.0,0.0,57.0
14.09,Clear,Medium,Afternoon,Scooter,12.0,3.0,55.0
11.92,Clear,Low,Afternoon,Scooter,14.0,4.0,46.0
17.3,Clear,Low,Evening,Scooter,9.0,0.0,67.0
14.08,Clear,High,Morning,Bike,28.0,6.0,66.0
2.8,Clear,High,Afternoon,Bike,28.0,1.0,50.0
17.96,Clear,Medium,Morning,Bike,22.0,2.0,76.0
14.09,Clear,High,Afternoon,Bike,12.0,6.0,67.0
9.39,Clear,Low,Morning,Bike,14.0,2.0,37.0
17.9,Clear,Low,Morning,Bike,23.0,5.0,85.0
4.55,Rainy,Low,Afternoon,Bike,5.0,6.0,21.0
6.24,Snowy,Low,Afternoon,Bike,20.0,4.0,51.0
16.92,Clear,Low,Morning,Scooter,29.0,0.0,70.0
14.31,Clear,Medium,Morning,Bike,9.0,8.0,47.0
14.66,Windy,Medium,Morning,Bike,20.0,2.0,77.0
2.23,Clear,Low,Morning,Bike,7.0,6.0,14.0
12.65,Clear,Low,Evening,Bike,15.0,4.0,66.0
7.24,Rainy,Medium,Evening,Bike,28.0,6.0,65.0
3.01,Clear,Medium,Evening,Bike,14.0,4.0,26.0
11.52,Clear,Medium,Morning,Scooter,25.0,2.0,58.0
3.95,Clear,Low,Afternoon,Bike,13.0,5.0,25.0
1.09,Clear,Medium,Morning,Scooter,6.0,2.0,17.0
13.99,Clear,High,Evening,Scooter,7.0,3.0,96.0
19.32,Rainy,High,Morning,Car,21.0,7.0,112.0
11.72,Rainy,Low,Evening,Bike,11.0,9.0,42.0
2.13,Rainy,Low,Morning,Scooter,9.0,2.0,22.0
8.17,Clear,Medium,Afternoon,Scooter,20.0,9.0,44.0
12.21,Clear,High,Morning,Bike,9.0,4.0,57.0
3.17,Clear,Medium,Evening,Scooter,17.0,6.0,33.0
18.68,Snowy,Low,Afternoon,Bike,11.0,8.0,62.0
10.95,Clear,Medium,Evening,Scooter,24.0,4.0,55.0
19.26,Windy,Medium,Morning,Scooter,21.0,6.0,67.0
9.44,Rainy,Medium,Evening,Scooter,28.0,8.0,63.0
4.86,Foggy,Medium,Evening,Car,25.0,4.0,52.0
5.81,Foggy,Low,Afternoon,Bike,25.0,8.0,51.0
7.34,Rainy,Low,Evening,Bike,22.0,8.0,47.0
17.39,Foggy,Medium,Morning,Bike,25.0,4.0,100.0
5.22,Snowy,Low,Evening,Bike,11.0,9.0,40.0
12.32,Clear,Medium,Evening,Scooter,17.0,4.0,71.0
2.15,Windy,Medium,Afternoon,Car,17.0,6.0,30.0
9.36,Rainy,High,Morning,Scooter,17.0,2.0,65.0
2.28,Clear,Medium,Evening,Scooter,27.0,9.0,39.0
14.54,Clear,Medium,Evening,Bike,29.0,2.0,73.0
12.15,Clear,High,Morning,Car,12.0,6.0,63.0
1.4,Windy,Low,Evening,Bike,9.0,9.0,17.0
3.37,Clear,High,Morning,Bike,9.0,5.0,28.0
3.85,Rainy,Medium,Afternoon,Bike,26.0,3.0,46.0
9.03,Clear,Low,Morning,Bike,11.0,5.0,43.0
17.99,Snowy,Low,Afternoon,Bike,15.0,3.0,63.0
16.35,Clear,Medium,Morning,Bike,16.0,0.0,66.0
19.61,Clear,High,Evening,Bike,8.0,6.0,72.0
16.29,Clear,Low,Morning,Bike,20.0,1.0,72.0
7.84,Windy,Low,Afternoon,Bike,6.0,4.0,28.0
18.17,Rainy,Low,Afternoon,Car,13.0,0.0,71.0
17.89,Windy,Low,Morning,Bike,27.0,1.0,101.0
13.34,Clear,Medium,Night,Bike,20.0,6.0,53.0
4.43,Foggy,Low,Morning,Scooter,10.0,1.0,63.0
13.21,Clear,Medium,Morning,Scooter,12.0,4.0,63.0
2.76,Windy,Medium,Night,Bike,6.0,2.0,27.0
1.5,Foggy,Medium,Evening,Scooter,15.0,4.0,32.0
11.04,Clear,Medium,Afternoon,Scooter,8.0,2.0,54.0
1.22,Clear,Medium,Evening,Scooter,6.0,5.0,14.0
14.58,Clear,Low,Afternoon,Bike,13.0,5.0,57.0
18.26,Rainy,High,Night,Scooter,28.0,7.0,93.0
3.88,Foggy,Low,Evening,Car,27.0,9.0,42.0
18.07,Clear,High,Afternoon,Scooter,5.0,2.0,67.0
12.11,Clear,Medium,Evening,Bike,28.0,0.0,75.0
7.08,Clear,Medium,Afternoon,Scooter,5.0,8.0,27.0
3.12,Rainy,Low,Evening,Scooter,14.0,5.0,28.0
2.03,Foggy,High,Evening,Car,14.0,4.0,36.0
1.8,Clear,Medium,Night,Bike,14.0,1.0,28.0
5.42,Clear,Low,Evening,Scooter,11.0,9.0,26.0
7.8,Clear,Low,Evening,Scooter,23.0,5.0,52.0
8.47,Rainy,Low,Afternoon,Scooter,19.0,0.0,48.0
6.79,Rainy,Low,Evening,Scooter,16.0,1.0,39.0
13.6,Rainy,Medium,Afternoon,Scooter,23.0,6.0,83.0
13.06,Rainy,High,Morning,Bike,17.0,8.0,59.0
19.93,Snowy,Low,Afternoon,Bike,6.0,6.0,59.0
11.3,Snowy,Medium,Afternoon,Bike,15.0,8.0,70.0
6.74,Rainy,Medium,Evening,Car,21.0,9.0,47.0
10.49,Rainy,Low,Morning,Bike,28.0,9.0,66.0
8.83,Clear,Medium,Evening,Scooter,12.0,3.0,109.0
7.15,Clear,High,Night,Car,29.0,7.0,60.0
15.94,Clear,Low,Evening,Bike,24.0,2.0,77.0
11.26,Foggy,High,Afternoon,Bike,14.0,2.0,70.0
11.87,Clear,Medium,Morning,Bike,10.0,6.0,43.0
2.83,Windy,Medium,Afternoon,Scooter,14.0,6.0,28.0
11.74,Clear,Low,Afternoon,Car,20.0,1.0,52.0
2.71,Clear,Low,Morning,Scooter,6.0,1.0,20.0
10.47,Clear,High,Evening,Scooter,14.0,7.0,55.0
4.5,Snowy,High,Evening,Bike,24.0,0.0,66.0
19.74,Clear,Low,Morning,Car,21.0,7.0,71.0
1.23,Clear,Low,Evening,Bike,18.0,6.0,21.0
4.83,Clear,Low,Evening,Bike,11.0,1.0,29.0
1.51,Clear,High,Afternoon,Bike,14.0,2.0,32.0
1.62,Windy,Low,Evening,Bike,9.0,8.0,16.0
11.31,Clear,High,Evening,Bike,20.0,0.0,67.0
6.05,Clear,Medium,Morning,Car,24.0,0.0,48.0
10.14,Clear,Medium,Morning,Scooter,20.0,1.0,59.0
9.45,Clear,Low,Afternoon,Car,13.0,0.0,49.0
6.8,Clear,High,Evening,Bike,28.0,5.0,55.0
15.65,Clear,Low,Afternoon,Bike,27.0,0.0,76.0
2.26,Clear,Medium,Morning,Scooter,6.0,3.0,19.0
12.05,Clear,Low,Evening,Scooter,29.0,4.0,61.0
8.25,Windy,Medium,Evening,Car,24.0,4.0,62.0
12.85,Rainy,Medium,Afternoon,Scooter,23.0,0.0,80.0
15.14,Windy,Medium,Morning,Bike,15.0,4.0,71.0
4.59,Foggy,Low,Evening,Scooter,19.0,8.0,36.0
12.02,Clear,Low,Afternoon,Bike,26.0,0.0,63.0
19.8,Clear,High,Evening,Bike,7.0,3.0,88.0
19.27,Foggy,High,Afternoon,Bike,14.0,6.0,92.0
4.92,Clear,High,Morning,Scooter,12.0,0.0,41.0
1.63,Rainy,Medium,Night,Bike,24.0,5.0,38.0
18.04,Clear,Medium,Morning,Bike,8.0,5.0,71.0
19.4,Snowy,Medium,Afternoon,Scooter,23.0,9.0,92.0
16.4,Clear,High,Morning,Scooter,12.0,2.0,70.0
12.01,Clear,Low,Morning,Car,5.0,7.0,42.0
18.46,Clear,Medium,Morning,Scooter,29.0,1.0,153.0
13.09,Windy,Low,Morning,Scooter,17.0,1.0,69.0
1.22,Foggy,High,Afternoon,Scooter,14.0,2.0,38.0
10.36,Rainy,Medium,Afternoon,Bike,7.0,8.0,39.0
4.31,Rainy,Medium,Afternoon,Bike,9.0,2.0,35.0
13.32,Windy,Medium,Afternoon,Bike,26.0,0.0,71.0
16.1,Clear,Low,Morning,Car,16.0,6.0,61.0
14.11,Rainy,High,Morning,Scooter,24.0,3.0,93.0
2.84,Clear,Medium,Night,Scooter,28.0,1.0,44.0
16.09,Snowy,Low,Morning,Car,13.0,6.0,69.0
16.05,Snowy,Medium,Evening,Bike,11.0,2.0,89.0
13.37,Windy,High,Afternoon,Scooter,17.0,8.0,63.0
10.16,Snowy,Medium,Night,Bike,10.0,1.0,67.0
6.13,Clear,Medium,Night,Scooter,22.0,0.0,48.0
4.96,Rainy,Low,Afternoon,Car,10.0,7.0,28.0
3.0,Clear,Low,Morning,Scooter,29.0,1.0,43.0
2.23,Snowy,Medium,Evening,Car,14.0,0.0,41.0
17.96,Clear,Medium,Evening,Scooter,26.0,0.0,74.0
7.8,Rainy,Medium,Morning,Bike,11.0,7.0,49.0
10.9,Clear,High,Afternoon,Scooter,6.0,8.0,47.0
3.17,Clear,Low,Afternoon,Bike,17.0,1.0,28.0
9.39,Windy,Medium,Morning,Scooter,21.0,9.0,50.0
17.44,Clear,Low,Evening,Bike,25.0,9.0,89.0
3.02,Rainy,Medium,Morning,Bike,23.0,1.0,46.0
19.99,Rainy,High,Evening,Bike,17.0,1.0,112.0
16.22,Rainy,High,Evening,Bike,22.0,0.0,102.0
2.74,Clear,High,Afternoon,Bike,18.0,9.0,37.0
5.74,Rainy,High,Evening,Bike,13.0,9.0,46.0
9.75,Clear,Low,Afternoon,Bike,22.0,7.0,50.0
15.62,Rainy,Medium,Afternoon,Scooter,23.0,7.0,78.0
16.54,Rainy,Medium,Afternoon,Bike,25.0,7.0,77.0
7.84,Rainy,Low,Morning,Scooter,7.0,8.0,36.0
17.44,Clear,Low,Night,Car,23.0,0.0,85.0
11.08,Windy,High,Afternoon,Bike,16.0,6.0,70.0
17.61,Clear,Medium,Evening,Scooter,21.0,9.0,79.0
8.28,Snowy,Low,Evening,Car,29.0,7.0,58.0
15.32,Clear,Medium,Morning,Bike,17.0,6.0,80.0
3.83,Rainy,Low,Evening,Car,27.0,3.0,49.0
3.25,Rainy,Medium,Evening,Scooter,29.0,0.0,51.0
19.75,Clear,Medium,Morning,Bike,25.0,1.0,103.0
15.19,Foggy,Low,Evening,Scooter,6.0,4.0,53.0
8.92,Windy,Medium,Morning,Bike,25.0,4.0,62.0
18.63,Windy,Low,Afternoon,Bike,11.0,5.0,85.0
12.74,Clear,Low,Night,Scooter,18.0,0.0,67.0
18.13,Rainy,High,Evening,Bike,21.0,2.0,88.0
2.47,Rainy,Low,Afternoon,Car,22.0,6.0,34.0
18.15,Windy,Medium,Morning,Bike,11.0,2.0,89.0
1.74,Foggy,High,Afternoon,Scooter,8.0,9.0,28.0
5.79,Windy,Medium,Morning,Bike,26.0,6.0,49.0
5.75,Windy,High,Morning,Scooter,7.0,4.0,37.0
17.41,Snowy,Medium,Evening,Bike,20.0,4.0,80.0
1.2,Rainy,Low,Morning,Scooter,24.0,7.0,33.0
8.07,Windy,Low,Evening,Bike,21.0,4.0,48.0
1.88,Clear,Medium,Morning,Scooter,24.0,7.0,35.0
0.72,Rainy,Medium,Afternoon,Scooter,9.0,2.0,23.0
14.19,Clear,Medium,Afternoon,Bike,9.0,1.0,57.0
16.73,Windy,High,Afternoon,Scooter,9.0,7.0,71.0
18.53,Rainy,Low,Afternoon,Scooter,8.0,8.0,57.0
4.32,Clear,Low,Morning,Bike,21.0,9.0,34.0
13.6,Foggy,High,Evening,Bike,9.0,7.0,61.0
18.46,Rainy,Low,Morning,Bike,19.0,9.0,94.0
7.67,Windy,Low,Morning,Car,9.0,2.0,31.0
8.23,Snowy,Low,Evening,Bike,17.0,3.0,56.0
13.44,Clear,Low,Night,Bike,29.0,0.0,63.0
15.04,Clear,Low,Morning,Car,24.0,5.0,60.0
7.48,Clear,Medium,Morning,Car,21.0,4.0,52.0
10.11,Rainy,Medium,Afternoon,Scooter,23.0,2.0,63.0
10.88,Snowy,Low,Afternoon,Car,13.0,3.0,52.0
13.97,Snowy,Low,Evening,Scooter,14.0,8.0,52.0
3.48,Foggy,Low,Afternoon,Scooter,9.0,1.0,31.0
10.73,Foggy,Low,Morning,Bike,6.0,6.0,35.0
5.18,Clear,Medium,Afternoon,Car,9.0,2.0,30.0
8.47,Foggy,Medium,Evening,Bike,24.0,0.0,68.0
15.64,Rainy,Low,Morning,Bike,20.0,4.0,141.0
10.95,Snowy,Medium,Afternoon,Bike,9.0,1.0,65.0
19.29,Windy,Medium,Evening,Scooter,7.0,8.0,84.0
2.59,Windy,Medium,Morning,Bike,13.0,5.0,28.0
3.98,Clear,High,Night,Car,19.0,3.0,41.0
6.06,Foggy,Low,Afternoon,Scooter,10.0,8.0,41.0
6.72,Foggy,Low,Evening,Bike,8.0,5.0,31.0
19.04,Clear,Medium,Morning,Scooter,27.0,2.0,85.0
14.28,Windy,High,Afternoon,Scooter,23.0,5.0,77.0
16.26,Rainy,High,Morning,Bike,16.0,6.0,70.0
4.25,Clear,Low,Afternoon,Bike,5.0,4.0,22.0
12.26,Clear,Low,Afternoon,Bike,20.0,2.0,66.0
19.81,Clear,Low,Afternoon,Bike,27.0,1.0,74.0
18.2,Windy,Medium,Morning,Bike,27.0,1.0,108.0
12.85,Rainy,Medium,Morning,Scooter,14.0,8.0,73.0
6.91,Clear,Low,Evening,Bike,27.0,8.0,91.0
9.64,Clear,Low,Morning,Bike,10.0,5.0,46.0
9.64,Rainy,Medium,Evening,Bike,14.0,6.0,52.0
2.28,Foggy,Medium,Morning,Scooter,27.0,6.0,44.0
15.34,Rainy,Low,Afternoon,Bike,18.0,6.0,54.0
3.22,Rainy,Medium,Night,Bike,14.0,8.0,34.0
9.71,Clear,Low,Morning,Bike,8.0,1.0,49.0
17.18,Clear,Medium,Night,Scooter,13.0,1.0,62.0
5.3,Clear,Medium,Afternoon,Scooter,29.0,3.0,47.0
10.0,Clear,Medium,Afternoon,Scooter,6.0,9.0,47.0
10.75,Rainy,Medium,Morning,Bike,8.0,6.0,60.0
9.49,Rainy,Medium,Morning,Car,23.0,6.0,53.0
7.24,Clear,Medium,Afternoon,Bike,28.0,7.0,57.0
16.09,Rainy,Low,Morning,Bike,21.0,8.0,66.0
15.53,Clear,Low,Morning,Bike,26.0,6.0,83.0
19.41,Windy,Low,Morning,Bike,11.0,8.0,62.0
17.24,Clear,Low,Evening,Bike,17.0,5.0,69.0
11.33,Clear,Low,Morning,Bike,25.0,3.0,60.0
18.23,Rainy,Low,Afternoon,Scooter,27.0,9.0,86.0
1.17,Clear,Medium,Morning,Bike,16.0,9.0,25.0
5.33,Clear,Low,Evening,Car,29.0,1.0,51.0
4.14,Rainy,Low,Morning,Bike,23.0,2.0,41.0
2.02,Clear,High,Evening,Bike,28.0,5.0,44.0
14.46,Rainy,Medium,Morning,Scooter,11.0,9.0,68.0
3.86,Clear,Medium,Afternoon,Bike,21.0,8.0,34.0
12.59,Windy,Medium,Morning,Bike,13.0,9.0,62.0
1.11,Clear,High,Morning,Scooter,22.0,8.0,35.0
9.11,Clear,Low,Afternoon,Bike,19.0,6.0,42.0
18.77,Snowy,Medium,Evening,Bike,24.0,0.0,115.0
16.35,Foggy,Medium,Night,Bike,16.0,6.0,67.0
6.22,Clear,Low,Afternoon,Bike,16.0,9.0,29.0
7.78,Foggy,High,Afternoon,Bike,25.0,3.0,74.0
0.88,Rainy,Low,Night,Car,27.0,2.0,37.0
16.43,Clear,Low,Evening,Bike,13.0,5.0,56.0
8.04,Clear,Medium,Evening,Car,27.0,0.0,65.0
18.65,Foggy,Low,Night,Car,19.0,2.0,68.0
5.73,Foggy,Low,Morning,Scooter,7.0,2.0,30.0
12.42,Rainy,Low,Evening,Bike,28.0,9.0,79.0
2.11,Clear,Low,Afternoon,Scooter,28.0,5.0,34.0
18.62,Clear,Low,Evening,Scooter,27.0,6.0,75.0
17.61,Clear,Medium,Morning,Scooter,19.0,3.0,80.0
10.62,Rainy,Medium,Night,Bike,7.0,2.0,48.0
18.83,Clear,Medium,Night,Bike,8.0,0.0,68.0
14.07,Clear,Medium,Morning,Bike,16.0,9.0,73.0
9.29,Clear,Medium,Evening,Bike,10.0,9.0,40.0
1.29,Rainy,Low,Evening,Bike,7.0,7.0,15.0
4.08,Windy,Medium,Afternoon,Bike,7.0,0.0,33.0
19.12,Windy,High,Evening,Car,8.0,0.0,92.0
17.93,Clear,Medium,Afternoon,Bike,29.0,4.0,85.0
2.33,Clear,Low,Morning,Car,6.0,1.0,17.0
3.18,Rainy,Medium,Evening,Bike,21.0,3.0,42.0
1.97,Clear,High,Morning,Car,28.0,7.0,43.0
6.2,Windy,High,Evening,Scooter,7.0,3.0,42.0
1.02,Windy,High,Evening,Bike,6.0,8.0,21.0
5.3,Clear,Low,Evening,Bike,16.0,5.0,32.0
9.34,Rainy,Low,Evening,Car,10.0,0.0,40.0
10.09,Clear,Medium,Evening,Bike,7.0,0.0,49.0
15.35,Rainy,High,Night,Scooter,23.0,9.0,80.0
17.12,Rainy,Low,Morning,Bike,26.0,3.0,86.0
3.94,Snowy,Low,Afternoon,Bike,19.0,3.0,43.0
18.02,Clear,Medium,Evening,Car,12.0,3.0,77.0
14.41,Snowy,Medium,Evening,Bike,8.0,8.0,75.0
11.44,Rainy,Medium,Evening,Car,20.0,2.0,57.0
15.23,Foggy,Low,Morning,Car,6.0,0.0,52.0
1.95,Clear,Low,Morning,Scooter,16.0,2.0,23.0
7.72,Rainy,Medium,Morning,Bike,11.0,5.0,36.0
11.78,Clear,Low,Afternoon,Scooter,26.0,3.0,71.0
3.4,Windy,Medium,Morning,Bike,11.0,6.0,30.0
2.14,Clear,High,Evening,Bike,18.0,3.0,34.0
10.04,Rainy,High,Afternoon,Bike,12.0,9.0,59.0
14.72,Clear,Medium,Evening,Scooter,15.0,8.0,80.0
3.7,Clear,Medium,Morning,Bike,28.0,7.0,45.0
19.73,Rainy,Low,Evening,Bike,8.0,8.0,64.0
10.83,Clear,Medium,Evening,Scooter,8.0,9.0,51.0
16.3,Foggy,Low,Morning,Car,12.0,1.0,100.0
5.98,Foggy,High,Morning,Bike,14.0,6.0,44.0
5.98,Rainy,High,Morning,Bike,21.0,2.0,60.0
4.14,Foggy,Medium,Morning,Bike,21.0,0.0,46.0
16.68,Clear,Medium,Afternoon,Bike,9.0,9.0,63.0
18.69,Windy,Medium,Night,Bike,23.0,9.0,74.0
18.44,Rainy,High,Morning,Bike,27.0,7.0,80.0
13.0,Windy,High,Morning,Bike,22.0,8.0,65.0
16.45,Clear,Medium,Evening,Scooter,25.0,3.0,87.0
16.17,Clear,Medium,Evening,Car,10.0,2.0,116.0
17.88,Clear,Medium,Evening,Bike,29.0,3.0,98.0
5.23,Clear,Medium,Morning,Scooter,19.0,4.0,37.0
4.32,Clear,Medium,Morning,Bike,17.0,4.0,36.0
9.09,Rainy,Medium,Morning,Bike,6.0,7.0,43.0
12.67,Windy,Medium,Morning,Scooter,7.0,3.0,43.0
1.85,Clear,Medium,Evening,Bike,10.0,1.0,24.0
7.51,Rainy,Low,Evening,Car,27.0,6.0,50.0
6.58,Clear,Low,Afternoon,Bike,13.0,1.0,34.0
12.7,Clear,Low,Morning,Scooter,22.0,2.0,57.0
7.31,Foggy,Medium,Afternoon,Bike,26.0,2.0,65.0
9.2,Clear,High,Morning,Scooter,9.0,9.0,48.0
10.22,Foggy,Low,Afternoon,Scooter,21.0,0.0,61.0
8.15,Clear,High,Evening,Scooter,12.0,9.0,43.0
10.61,Clear,Medium,Morning,Bike,17.0,0.0,59.0
7.73,Clear,High,Night,Bike,29.0,5.0,58.0
19.66,Clear,Low,Morning,Car,19.0,6.0,70.0
14.66,Snowy,High,Morning,Car,5.0,6.0,71.0
9.73,Clear,Low,Afternoon,Bike,29.0,6.0,60.0
14.52,Clear,Medium,Afternoon,Car,26.0,5.0,86.0
5.93,Foggy,High,Morning,Scooter,27.0,1.0,106.0
4.94,Rainy,High,Evening,Scooter,28.0,4.0,63.0
11.88,Rainy,High,Afternoon,Car,29.0,9.0,78.0
19.41,Foggy,Medium,Morning,Car,7.0,6.0,66.0
3.68,Clear,High,Afternoon,Car,16.0,6.0,47.0
11.06,Clear,High,Evening,Bike,6.0,9.0,53.0
10.2,Rainy,Medium,Afternoon,Bike,18.0,9.0,56.0
0.74,Rainy,Low,Morning,Car,13.0,4.0,21.0
15.21,Snowy,Medium,Afternoon,Bike,20.0,9.0,90.0
7.69,Rainy,High,Morning,Scooter,16.0,3.0,58.0
11.21,Clear,High,Afternoon,Scooter,23.0,1.0,76.0
6.18,Clear,Medium,Evening,Bike,9.0,9.0,35.0
2.71,Clear,Medium,Morning,Car,6.0,5.0,19.0
3.49,Clear,Medium,Morning,Bike,17.0,2.0,38.0
9.29,Clear,Medium,Morning,Bike,17.0,2.0,49.0
0.71,Foggy,Low,Night,Bike,29.0,1.0,41.0
5.32,Rainy,Low,Afternoon,Scooter,27.0,2.0,48.0
4.1,Clear,Medium,Evening,Car,18.0,3.0,38.0
13.84,Clear,Low,Morning,Scooter,18.0,5.0,64.0
3.9,Rainy,High,Morning,Car,25.0,9.0,54.0
18.6,Rainy,Medium,Morning,Car,28.0,9.0,77.0
14.88,Snowy,Medium,Evening,Bike,10.0,0.0,64.0
3.63,Windy,Medium,Morning,Car,22.0,9.0,39.0
3.22,Windy,High,Morning,Car,7.0,7.0,27.0
11.51,Foggy,Low,Afternoon,Car,5.0,7.0,57.0
19.72,Rainy,Low,Afternoon,Bike,27.0,6.0,109.0
11.08,Clear,Low,Evening,Scooter,28.0,2.0,58.0
3.95,Clear,Medium,Morning,Car,28.0,5.0,47.0
7.29,Clear,High,Evening,Car,11.0,7.0,48.0
10.3,Clear,Low,Morning,Car,12.0,7.0,41.0
10.73,Rainy,High,Afternoon,Car,27.0,6.0,83.0
17.28,Clear,Low,Morning,Car,28.0,3.0,72.0
13.37,Foggy,Medium,Evening,Scooter,16.0,9.0,71.0
11.36,Clear,Medium,Morning,Scooter,8.0,2.0,52.0
7.58,Clear,High,Afternoon,Scooter,19.0,9.0,57.0
6.13,Rainy,High,Morning,Bike,25.0,6.0,59.0
2.32,Clear,Low,Afternoon,Scooter,23.0,1.0,32.0
17.49,Rainy,Low,Evening,Bike,27.0,9.0,97.0
1.69,Windy,Medium,Afternoon,Car,11.0,7.0,20.0
4.52,Clear,Low,Evening,Car,17.0,0.0,71.0
7.15,Windy,Low,Morning,Bike,15.0,3.0,42.0
10.86,Windy,Medium,Morning,Car,10.0,4.0,60.0
15.88,Rainy,Low,Evening,Car,17.0,1.0,68.0
9.7,Snowy,Low,Evening,Bike,6.0,5.0,45.0
14.95,Clear,Medium,Morning,Bike,13.0,7.0,49.0
11.36,Foggy,Low,Afternoon,Bike,6.0,4.0,47.0
12.14,Foggy,High,Afternoon,Bike,12.0,0.0,65.0
16.31,Foggy,Medium,Afternoon,Car,14.0,7.0,71.0
14.7,Clear,Medium,Evening,Scooter,24.0,5.0,75.0
13.42,Rainy,Medium,Evening,Bike,6.0,6.0,105.0
7.9,Clear,Low,Afternoon,Scooter,22.0,5.0,48.0
15.35,Foggy,Low,Morning,Car,5.0,3.0,56.0
15.12,Foggy,Low,Morning,Bike,14.0,1.0,58.0
0.82,Windy,Low,Morning,Car,18.0,9.0,23.0
6.43,Clear,Low,Evening,Car,9.0,7.0,26.0
8.66,Snowy,High,Morning,Bike,29.0,3.0,77.0
11.16,Foggy,Medium,Afternoon,Car,21.0,4.0,77.0
18.77,Foggy,Low,Afternoon,Car,15.0,5.0,71.0
5.84,Clear,Medium,Evening,Bike,21.0,7.0,35.0
1.01,Clear,High,Night,Bike,17.0,7.0,29.0
3.92,Rainy,Medium,Night,Bike,20.0,9.0,41.0
12.77,Foggy,Low,Morning,Bike,22.0,8.0,71.0
2.33,Clear,Low,Evening,Bike,9.0,2.0,18.0
2.92,Windy,High,Afternoon,Bike,24.0,4.0,48.0
13.35,Rainy,Low,Evening,Scooter,14.0,4.0,91.0
5.26,Rainy,Medium,Evening,Scooter,28.0,8.0,51.0
4.39,Foggy,Medium,Night,Bike,12.0,8.0,38.0
8.67,Windy,High,Morning,Bike,20.0,4.0,55.0
16.53,Snowy,Low,Afternoon,Scooter,24.0,9.0,99.0
13.47,Clear,Medium,Evening,Bike,19.0,4.0,59.0
18.86,Snowy,Medium,Night,Bike,18.0,1.0,89.0
12.81,Clear,Low,Morning,Bike,12.0,2.0,51.0
2.4,Snowy,Low,Night,Scooter,27.0,5.0,42.0
7.44,Rainy,Medium,Evening,Bike,6.0,1.0,39.0
1.89,Clear,Medium,Evening,Scooter,13.0,7.0,22.0
19.28,Snowy,Medium,Morning,Car,21.0,3.0,101.0
6.29,Clear,Medium,Morning,Scooter,10.0,7.0,27.0
1.81,Clear,Medium,Afternoon,Car,23.0,3.0,34.0
1.74,Clear,Medium,Night,Bike,23.0,2.0,34.0
13.44,Clear,Medium,Morning,Car,22.0,1.0,79.0
7.11,Clear,Low,Afternoon,Scooter,27.0,5.0,48.0
4.5,Windy,Low,Evening,Scooter,20.0,6.0,32.0
8.31,Windy,Medium,Morning,Bike,6.0,5.0,44.0
16.37,Clear,High,Morning,Bike,26.0,7.0,97.0
9.78,Clear,Medium,Afternoon,Bike,18.0,3.0,58.0
4.88,Windy,Medium,Afternoon,Scooter,26.0,7.0,48.0
5.54,Rainy,Medium,Morning,Scooter,28.0,9.0,51.0
11.54,Clear,High,Afternoon,Car,10.0,0.0,56.0
12.85,Clear,Low,Afternoon,Scooter,5.0,5.0,54.0
5.56,Clear,Low,Afternoon,Scooter,19.0,5.0,31.0
3.33,Clear,Medium,Evening,Scooter,24.0,2.0,44.0
3.47,Snowy,High,Night,Bike,24.0,9.0,53.0
12.01,Clear,Low,Morning,Scooter,26.0,6.0,57.0
15.98,Foggy,Low,Morning,Car,21.0,6.0,90.0
3.64,Clear,Low,Morning,Scooter,16.0,3.0,26.0
19.47,Clear,Low,Morning,Bike,16.0,8.0,83.0
15.51,Rainy,Medium,Morning,Scooter,10.0,8.0,81.0
10.42,Windy,Medium,Afternoon,Bike,28.0,3.0,72.0
15.9,Rainy,Low,Evening,Car,19.0,5.0,78.0
15.17,Windy,Low,Morning,Bike,25.0,4.0,77.0
2.78,Rainy,Low,Morning,Bike,21.0,4.0,37.0
1.98,Rainy,Low,Afternoon,Bike,22.0,0.0,39.0
14.03,Clear,Low,Afternoon,Bike,17.0,2.0,65.0
2.06,Foggy,Medium,Evening,Scooter,22.0,4.0,40.0
11.02,Clear,High,Morning,Scooter,22.0,2.0,70.0
17.95,Snowy,High,Morning,Scooter,16.0,5.0,96.0
5.17,Foggy,Low,Morning,Bike,29.0,0.0,56.0
16.62,Snowy,Low,Afternoon,Bike,26.0,8.0,94.0
0.71,Rainy,Low,Morning,Car,25.0,8.0,31.0
13.44,Clear,Medium,Evening,Scooter,9.0,5.0,55.0
13.1,Clear,Low,Evening,Bike,28.0,2.0,72.0
19.24,Rainy,High,Afternoon,Bike,9.0,7.0,75.0
5.35,Clear,Medium,Afternoon,Scooter,24.0,6.0,43.0
12.22,Clear,Low,Evening,Scooter,15.0,0.0,56.0
18.55,Clear,Low,Afternoon,Car,11.0,9.0,69.0
6.44,Clear,Low,Afternoon,Car,18.0,2.0,43.0
8.77,Foggy,Medium,Evening,Car,14.0,7.0,49.0
10.97,Clear,Low,Afternoon,Scooter,27.0,3.0,51.0
6.68,Clear,High,Morning,Scooter,10.0,5.0,44.0
12.93,Rainy,Low,Afternoon,Scooter,25.0,0.0,61.0
7.99,Clear,Medium,Evening,Bike,18.0,4.0,42.0
15.78,Clear,High,Afternoon,Scooter,12.0,1.0,68.0
9.95,Windy,High,Evening,Scooter,21.0,5.0,72.0
13.47,Rainy,Low,Afternoon,Scooter,7.0,6.0,46.0
17.19,Clear,Medium,Afternoon,Bike,11.0,8.0,76.0
3.23,Clear,High,Afternoon,Bike,17.0,9.0,33.0
1.27,Foggy,High,Afternoon,Bike,25.0,9.0,46.0
4.71,Clear,Low,Morning,Bike,20.0,6.0,31.0
12.82,Rainy,Medium,Evening,Bike,28.0,9.0,72.0
18.21,Clear,Low,Evening,Bike,6.0,3.0,74.0
9.51,Clear,High,Morning,Bike,26.0,9.0,63.0
0.89,Rainy,Low,Morning,Car,9.0,0.0,20.0
5.24,Windy,High,Afternoon,Scooter,26.0,8.0,51.0
10.64,Windy,Low,Evening,Car,11.0,9.0,36.0
13.23,Clear,Medium,Night,Bike,20.0,8.0,70.0
19.03,Clear,Medium,Morning,Scooter,8.0,8.0,65.0
10.3,Rainy,Low,Evening,Bike,29.0,0.0,73.0
12.39,Snowy,Medium,Evening,Bike,14.0,8.0,56.0
18.8,Clear,High,Afternoon,Bike,23.0,7.0,95.0
16.78,Rainy,Medium,Morning,Bike,22.0,1.0,70.0
7.85,Clear,Low,Afternoon,Scooter,7.0,9.0,34.0
11.63,Clear,Medium,Night,Scooter,29.0,7.0,57.0
7.8,Windy,Medium,Afternoon,Car,17.0,6.0,44.0
11.88,Rainy,Medium,Afternoon,Bike,5.0,1.0,63.0
14.89,Clear,High,Evening,Car,22.0,9.0,88.0
16.44,Rainy,High,Afternoon,Bike,12.0,5.0,86.0
2.65,Clear,Medium,Afternoon,Car,14.0,4.0,35.0
18.01,Foggy,High,Night,Bike,14.0,2.0,71.0
10.32,Clear,Medium,Night,Car,24.0,5.0,49.0
6.37,Rainy,Low,Afternoon,Car,29.0,4.0,56.0
3.74,Rainy,Low,Morning,Bike,19.0,6.0,36.0
17.99,Windy,High,Evening,Bike,5.0,1.0,73.0
13.96,Rainy,Low,Night,Bike,5.0,1.0,42.0
16.02,Clear,Low,Evening,Bike,20.0,7.0,61.0
7.52,Clear,Medium,Afternoon,Car,17.0,9.0,44.0
2.51,Clear,Low,Morning,Bike,16.0,2.0,28.0
6.7,Foggy,High,Morning,Scooter,23.0,3.0,59.0
17.61,Windy,Low,Morning,Bike,5.0,8.0,61.0
3.65,Clear,Medium,Morning,Bike,29.0,9.0,46.0
14.27,Clear,Medium,Night,Car,24.0,3.0,77.0
8.85,Clear,Low,Afternoon,Bike,11.0,9.0,45.0
9.24,Windy,Medium,Afternoon,Bike,8.0,2.0,49.0
19.7,Rainy,Low,Evening,Car,16.0,6.0,66.0
11.61,Clear,High,Morning,Car,19.0,1.0,67.0
16.44,Windy,High,Afternoon,Car,8.0,0.0,80.0
8.67,Rainy,High,Afternoon,Bike,12.0,7.0,104.0
5.14,Clear,Medium,Evening,Scooter,23.0,7.0,43.0
10.46,Clear,Medium,Evening,Bike,25.0,3.0,68.0
5.23,Clear,Medium,Morning,Scooter,23.0,2.0,47.0
10.35,Clear,Medium,Night,Bike,7.0,9.0,48.0
4.04,Rainy,High,Evening,Bike,14.0,6.0,39.0
2.66,Clear,Low,Afternoon,Bike,16.0,8.0,21.0
17.61,Foggy,Medium,Afternoon,Bike,9.0,5.0,74.0
8.48,Clear,High,Night,Bike,11.0,5.0,39.0
17.06,Clear,Low,Evening,Bike,9.0,9.0,66.0
6.78,Foggy,Low,Night,Bike,18.0,6.0,42.0
9.0,Snowy,Medium,Afternoon,Car,29.0,3.0,78.0
12.74,Clear,Low,Afternoon,Scooter,12.0,0.0,63.0
18.72,Rainy,Medium,Afternoon,Bike,17.0,0.0,89.0
3.23,Clear,Low,Morning,Bike,7.0,7.0,14.0
12.56,Clear,Low,Morning,Car,22.0,8.0,49.0
1.0,Snowy,Medium,Morning,Bike,28.0,0.0,51.0
3.46,Clear,Low,Morning,Bike,24.0,6.0,37.0
6.0,Snowy,Low,Morning,Car,20.0,8.0,53.0
14.79,Clear,Medium,Morning,Scooter,12.0,9.0,64.0
14.65,Snowy,High,Morning,Car,19.0,3.0,95.0
14.2,Clear,Medium,Afternoon,Bike,17.0,1.0,73.0
7.04,Clear,Low,Afternoon,Bike,11.0,8.0,38.0
19.74,Clear,Medium,Afternoon,Car,16.0,1.0,98.0
11.88,Rainy,Medium,Evening,Bike,20.0,8.0,69.0
18.63,Clear,Low,Evening,Bike,26.0,8.0,75.0
8.8,Rainy,Medium,Afternoon,Bike,6.0,2.0,38.0
11.75,Clear,High,Morning,Bike,9.0,2.0,55.0
18.95,Snowy,Low,Morning,Car,27.0,0.0,92.0
7.6,Foggy,Low,Morning,Bike,16.0,4.0,48.0
17.99,Foggy,Low,Morning,Car,11.0,2.0,84.0
13.82,Clear,Medium,Evening,Bike,21.0,9.0,72.0
15.53,Foggy,Low,Evening,Bike,26.0,7.0,68.0
3.97,Clear,High,Afternoon,Bike,19.0,8.0,40.0
10.1,Clear,High,Morning,Car,17.0,6.0,55.0
18.21,Foggy,Low,Morning,Bike,5.0,1.0,70.0
2.68,Clear,Low,Morning,Bike,16.0,8.0,25.0
3.88,Snowy,Low,Morning,Bike,9.0,6.0,33.0
15.89,Snowy,Medium,Afternoon,Car,15.0,9.0,91.0
6.73,Clear,Medium,Afternoon,Bike,21.0,1.0,54.0
0.75,Clear,Medium,Afternoon,Bike,10.0,5.0,16.0
13.79,Rainy,Low,Night,Scooter,11.0,0.0,69.0
18.83,Clear,Medium,Evening,Scooter,5.0,8.0,69.0
11.62,Clear,Low,Afternoon,Bike,9.0,8.0,33.0
5.03,Clear,Medium,Morning,Bike,17.0,5.0,38.0
15.08,Rainy,Medium,Evening,Scooter,26.0,1.0,94.0
10.48,Rainy,Low,Afternoon,Car,10.0,7.0,45.0
7.82,Rainy,Medium,Evening,Bike,16.0,8.0,45.0
16.98,Clear,Low,Morning,Bike,11.0,6.0,78.0
14.83,Rainy,Low,Morning,Car,19.0,4.0,126.0
5.67,Clear,Low,Morning,Scooter,11.0,9.0,27.0
18.33,Snowy,Medium,Morning,Scooter,5.0,5.0,67.0
17.46,Clear,Medium,Morning,Scooter,6.0,5.0,62.0
1.34,Foggy,High,Evening,Bike,9.0,5.0,30.0
1.38,Clear,Low,Morning,Scooter,13.0,9.0,17.0
3.67,Clear,Low,Morning,Bike,9.0,0.0,26.0
7.86,Windy,Medium,Morning,Car,22.0,2.0,55.0
8.98,Clear,Medium,Afternoon,Scooter,22.0,8.0,105.0
12.85,Rainy,Medium,Evening,Scooter,6.0,7.0,61.0
17.91,Clear,Low,Afternoon,Bike,6.0,7.0,68.0
15.09,Snowy,Low,Morning,Car,20.0,7.0,68.0
4.22,Clear,Medium,Morning,Bike,16.0,7.0,35.0
12.33,Clear,High,Night,Bike,7.0,2.0,101.0
17.87,Snowy,Low,Morning,Scooter,29.0,4.0,87.0
2.16,Clear,Medium,Night,Car,10.0,1.0,23.0
3.11,Rainy,Medium,Morning,Scooter,21.0,1.0,43.0
1.42,Clear,High,Afternoon,Scooter,24.0,2.0,40.0
18.57,Rainy,Medium,Afternoon,Bike,16.0,7.0,89.0
17.51,Clear,Medium,Evening,Bike,15.0,3.0,60.0
6.84,Clear,Medium,Evening,Bike,25.0,1.0,51.0
18.34,Snowy,Medium,Afternoon,Scooter,22.0,5.0,91.0
3.51,Windy,Medium,Night,Bike,22.0,2.0,44.0
14.7,Clear,Medium,Morning,Scooter,6.0,2.0,58.0
16.85,Clear,High,Morning,Car,17.0,4.0,71.0
16.26,Rainy,Low,Morning,Car,27.0,5.0,66.0
19.1,Snowy,Medium,Morning,Bike,25.0,6.0,90.0
13.71,Rainy,Medium,Evening,Bike,22.0,9.0,64.0
8.92,Clear,Medium,Morning,Bike,10.0,1.0,51.0
14.58,Clear,Low,Evening,Bike,23.0,0.0,70.0
9.71,Clear,Low,Afternoon,Car,27.0,5.0,61.0
19.94,Clear,Low,Afternoon,Bike,26.0,6.0,83.0
4.53,Snowy,Medium,Morning,Scooter,18.0,4.0,49.0
10.7,Clear,High,Afternoon,Car,8.0,4.0,57.0
10.13,Clear,Medium,Evening,Bike,22.0,0.0,65.0
0.78,Clear,Low,Afternoon,Bike,11.0,0.0,18.0
18.84,Foggy,Medium,Afternoon,Scooter,25.0,8.0,88.0
15.08,Snowy,Low,Evening,Bike,29.0,7.0,84.0
17.32,Clear,Low,Evening,Scooter,10.0,3.0,77.0
6.81,Clear,Medium,Evening,Bike,23.0,2.0,47.0
2.79,Clear,High,Morning,Bike,23.0,7.0,38.0
11.44,Foggy,High,Afternoon,Car,14.0,4.0,74.0
2.44,Snowy,High,Evening,Bike,13.0,9.0,39.0
2.48,Rainy,Low,Evening,Scooter,20.0,8.0,30.0
7.75,Clear,Medium,Evening,Scooter,21.0,1.0,55.0
0.85,Clear,Medium,Morning,Bike,9.0,8.0,17.0
8.87,Clear,Low,Evening,Bike,19.0,3.0,55.0
15.37,Snowy,Medium,Afternoon,Car,15.0,5.0,66.0
10.29,Foggy,Medium,Evening,Scooter,25.0,4.0,67.0
15.06,Rainy,Low,Morning,Bike,22.0,4.0,65.0
3.54,Foggy,Low,Morning,Bike,23.0,7.0,37.0
7.17,Clear,Medium,Morning,Scooter,7.0,9.0,29.0
4.62,Rainy,Medium,Afternoon,Car,8.0,3.0,33.0
5.53,Clear,Low,Morning,Car,10.0,8.0,27.0
12.74,Rainy,Low,Afternoon,Bike,17.0,9.0,63.0
9.06,Clear,High,Evening,Bike,26.0,3.0,61.0
2.71,Foggy,Low,Morning,Bike,6.0,0.0,28.0
16.92,Clear,Low,Night,Bike,23.0,5.0,78.0
13.54,Foggy,Low,Morning,Bike,11.0,1.0,54.0
1.0,Snowy,Medium,Morning,Bike,25.0,4.0,44.0
8.77,Clear,Medium,Morning,Car,12.0,2.0,42.0
16.01,Windy,Low,Morning,Car,28.0,0.0,84.0
12.63,Foggy,Medium,Night,Scooter,8.0,8.0,49.0
8.09,Foggy,Low,Evening,Car,22.0,2.0,56.0
6.54,Clear,Medium,Night,Bike,10.0,7.0,39.0
10.64,Clear,Medium,Afternoon,Scooter,14.0,5.0,45.0
1.77,Clear,Medium,Evening,Bike,14.0,9.0,22.0
13.0,Foggy,Low,Evening,Bike,25.0,7.0,77.0
12.83,Clear,Low,Evening,Bike,5.0,8.0,50.0
13.02,Snowy,High,Afternoon,Car,6.0,9.0,65.0
18.89,Rainy,Medium,Morning,Scooter,22.0,1.0,74.0
10.53,Foggy,High,Evening,Bike,25.0,8.0,72.0
5.01,Rainy,Low,Afternoon,Bike,10.0,5.0,31.0
16.0,Foggy,Medium,Afternoon,Scooter,13.0,3.0,65.0
17.86,Clear,Low,Afternoon,Scooter,16.0,8.0,83.0
2.99,Foggy,High,Afternoon,Bike,9.0,5.0,90.0
16.38,Clear,Medium,Morning,Bike,6.0,2.0,51.0
6.09,Clear,Medium,Night,Bike,7.0,4.0,27.0
13.61,Clear,Low,Morning,Bike,26.0,0.0,66.0
8.5,Snowy,High,Evening,Bike,14.0,7.0,56.0
8.55,Clear,Low,Evening,Scooter,28.0,8.0,46.0
4.05,Clear,Medium,Afternoon,Scooter,21.0,5.0,39.0
19.5,Clear,High,Morning,Bike,18.0,2.0,73.0
7.59,Clear,Medium,Afternoon,Scooter,16.0,3.0,37.0
16.66,Snowy,High,Afternoon,Scooter,29.0,7.0,95.0
19.41,Snowy,High,Evening,Car,21.0,3.0,100.0
13.74,Foggy,Medium,Afternoon,Bike,6.0,1.0,56.0
0.64,Clear,High,Night,Bike,10.0,3.0,24.0
12.1,Clear,High,Afternoon,Bike,11.0,0.0,53.0
12.09,Clear,Medium,Morning,Car,13.0,1.0,60.0
11.82,Windy,Medium,Night,Bike,24.0,7.0,77.0
5.28,Foggy,Low,Morning,Bike,27.0,6.0,53.0
5.98,Clear,Low,Evening,Car,22.0,9.0,35.0
2.93,Clear,Medium,Morning,Bike,24.0,8.0,94.0
4.05,Snowy,Medium,Evening,Scooter,19.0,2.0,50.0
13.61,Clear,Low,Morning,Scooter,12.0,2.0,43.0
2.88,Rainy,Medium,Morning,Car,16.0,4.0,41.0
5.91,Clear,Medium,Evening,Scooter,29.0,4.0,57.0
6.0,Rainy,Medium,Evening,Scooter,21.0,2.0,47.0
11.33,Clear,Medium,Afternoon,Scooter,29.0,7.0,77.0
15.01,Clear,Medium,Morning,Bike,15.0,6.0,64.0
6.85,Clear,High,Morning,Bike,16.0,5.0,48.0
11.93,Snowy,High,Morning,Car,7.0,1.0,75.0
18.82,Windy,Low,Morning,Car,5.0,3.0,77.0
1.03,Clear,Medium,Afternoon,Bike,19.0,4.0,29.0
14.22,Rainy,Medium,Evening,Car,25.0,8.0,84.0
18.18,Snowy,High,Morning,Bike,17.0,3.0,85.0
14.75,Clear,Low,Morning,Car,10.0,7.0,62.0
11.7,Rainy,Low,Afternoon,Bike,17.0,5.0,60.0
10.68,Clear,Low,Morning,Bike,14.0,1.0,42.0
1.51,Clear,High,Evening,Bike,26.0,1.0,44.0
8.01,Clear,High,Morning,Bike,8.0,6.0,48.0
3.23,Rainy,Low,Morning,Car,25.0,7.0,42.0
13.16,Rainy,High,Morning,Scooter,25.0,8.0,68.0
10.11,Windy,Low,Morning,Bike,11.0,4.0,44.0
18.39,Windy,Low,Afternoon,Bike,24.0,6.0,74.0
10.62,Windy,Medium,Afternoon,Car,22.0,5.0,54.0
10.73,Clear,Medium,Afternoon,Bike,7.0,5.0,57.0
6.23,Clear,Medium,Evening,Car,20.0,1.0,51.0
2.14,Clear,Low,Afternoon,Bike,25.0,1.0,36.0
12.83,Clear,Medium,Morning,Bike,19.0,2.0,76.0
8.37,Clear,High,Evening,Scooter,13.0,7.0,42.0
3.69,Rainy,Medium,Afternoon,Bike,8.0,8.0,27.0
18.1,Clear,Low,Morning,Scooter,8.0,5.0,77.0
7.06,Clear,Low,Afternoon,Scooter,26.0,5.0,51.0
1.94,Foggy,Low,Night,Bike,10.0,1.0,25.0
0.59,Clear,Low,Afternoon,Bike,21.0,0.0,27.0
17.01,Snowy,Low,Night,Bike,28.0,6.0,97.0
5.36,Clear,Low,Afternoon,Scooter,11.0,4.0,30.0
12.0,Clear,Low,Evening,Car,25.0,0.0,75.0
16.23,Clear,Medium,Evening,Bike,6.0,0.0,54.0
19.04,Rainy,Low,Evening,Car,12.0,6.0,60.0
18.33,Foggy,Medium,Morning,Scooter,19.0,0.0,98.0
2.58,Clear,Medium,Morning,Scooter,25.0,7.0,37.0
4.65,Clear,Medium,Evening,Bike,21.0,1.0,46.0
17.33,Snowy,Low,Evening,Scooter,12.0,3.0,79.0
0.68,Snowy,High,Evening,Bike,29.0,8.0,50.0
19.33,Clear,Medium,Morning,Bike,7.0,8.0,73.0
3.42,Clear,Medium,Night,Car,11.0,9.0,24.0
19.02,Rainy,High,Evening,Scooter,22.0,1.0,106.0
17.81,Windy,High,Evening,Bike,21.0,4.0,122.0
2.67,Clear,Medium,Night,Car,17.0,6.0,28.0
19.24,Snowy,Low,Morning,Bike,26.0,1.0,114.0
14.41,Rainy,Medium,Night,Bike,16.0,6.0,85.0
2.41,Clear,Medium,Evening,Bike,15.0,9.0,25.0
17.98,Clear,Low,Evening,Bike,5.0,8.0,45.0
7.34,Foggy,Medium,Afternoon,Bike,22.0,5.0,93.0
12.51,Clear,Medium,Evening,Bike,18.0,5.0,62.0
4.97,Rainy,Low,Evening,Bike,17.0,9.0,34.0
19.1,Snowy,Low,Afternoon,Bike,18.0,1.0,101.0
4.64,Clear,Low,Afternoon,Bike,15.0,9.0,24.0
14.07,Rainy,Low,Evening,Bike,10.0,5.0,63.0
3.79,Clear,Medium,Morning,Bike,13.0,2.0,34.0
3.96,Clear,Medium,Afternoon,Bike,23.0,5.0,44.0
18.31,Clear,Medium,Afternoon,Bike,25.0,3.0,79.0
6.76,Foggy,Medium,Night,Bike,7.0,6.0,42.0
0.76,Clear,Low,Afternoon,Car,26.0,9.0,28.0
5.81,Rainy,Medium,Evening,Bike,14.0,8.0,41.0
12.08,Clear,High,Afternoon,Scooter,16.0,4.0,60.0
1.57,Rainy,Low,Evening,Car,16.0,1.0,30.0
11.89,Clear,Medium,Afternoon,Bike,28.0,0.0,79.0
7.02,Clear,Medium,Evening,Car,23.0,2.0,53.0
13.85,Clear,Low,Evening,Bike,29.0,5.0,71.0
9.32,Rainy,Medium,Evening,Scooter,24.0,2.0,71.0
7.72,Foggy,High,Evening,Bike,19.0,4.0,64.0
8.15,Rainy,Low,Afternoon,Bike,26.0,2.0,50.0
3.54,Rainy,Medium,Afternoon,Scooter,17.0,4.0,41.0
3.16,Snowy,Low,Morning,Car,9.0,5.0,27.0
11.65,Windy,Low,Night,Bike,10.0,3.0,53.0
5.22,Snowy,Medium,Morning,Scooter,14.0,3.0,43.0
5.41,Clear,High,Morning,Scooter,17.0,6.0,38.0
9.88,Rainy,Medium,Morning,Car,7.0,0.0,43.0
19.86,Rainy,High,Evening,Bike,12.0,8.0,71.0
5.53,Windy,High,Morning,Bike,23.0,4.0,59.0
12.46,Foggy,Low,Afternoon,Bike,10.0,1.0,62.0
1.38,Clear,Medium,Morning,Car,6.0,3.0,17.0
10.79,Clear,Medium,Evening,Scooter,24.0,1.0,65.0
14.23,Clear,Medium,Afternoon,Scooter,23.0,7.0,70.0
1.21,Snowy,Low,Afternoon,Bike,22.0,1.0,39.0
11.1,Clear,Low,Afternoon,Bike,18.0,7.0,56.0
17.1,Clear,Medium,Evening,Bike,25.0,5.0,65.0
3.22,Clear,Medium,Afternoon,Bike,19.0,9.0,32.0
19.27,Foggy,Medium,Morning,Car,29.0,9.0,85.0
2.82,Rainy,Medium,Evening,Scooter,10.0,1.0,29.0
7.67,Foggy,Medium,Afternoon,Scooter,22.0,8.0,59.0
16.07,Clear,Medium,Evening,Bike,16.0,5.0,64.0
7.97,Windy,Medium,Evening,Scooter,9.0,8.0,35.0
18.0,Rainy,High,Night,Car,22.0,5.0,98.0
16.17,Clear,Medium,Evening,Scooter,12.0,2.0,78.0
14.86,Clear,High,Night,Scooter,15.0,4.0,91.0
11.68,Clear,Medium,Afternoon,Scooter,25.0,7.0,70.0
12.59,Clear,Low,Evening,Scooter,10.0,2.0,39.0
8.96,Snowy,Medium,Morning,Car,6.0,5.0,51.0
16.51,Clear,Medium,Morning,Bike,7.0,1.0,79.0
16.01,Clear,Low,Afternoon,Car,12.0,4.0,72.0
19.74,Rainy,High,Afternoon,Scooter,11.0,7.0,81.0
8.64,Snowy,Low,Evening,Bike,29.0,4.0,62.0
5.13,Clear,Medium,Morning,Car,16.0,1.0,38.0
5.78,Clear,High,Morning,Bike,11.0,5.0,38.0
2.6,Clear,Low,Afternoon,Bike,16.0,1.0,29.0
2.34,Foggy,Medium,Morning,Bike,8.0,2.0,28.0
12.93,Clear,Medium,Morning,Scooter,20.0,8.0,58.0
1.6,Clear,Medium,Evening,Bike,14.0,8.0,24.0
7.44,Rainy,Low,Evening,Bike,27.0,5.0,53.0
14.39,Rainy,Medium,Morning,Scooter,6.0,5.0,50.0
6.07,Clear,Low,Afternoon,Bike,18.0,4.0,35.0
17.97,Windy,Medium,Morning,Scooter,28.0,7.0,92.0
17.53,Clear,Low,Afternoon,Bike,14.0,6.0,79.0
12.43,Rainy,High,Morning,Bike,13.0,6.0,70.0
10.89,Windy,Medium,Evening,Bike,7.0,0.0,58.0
4.37,Clear,Medium,Evening,Scooter,6.0,7.0,25.0
8.5,Clear,High,Evening,Car,13.0,3.0,54.0
16.28,Rainy,Low,Morning,Scooter,8.0,9.0,71.0
15.62,Snowy,High,Evening,Scooter,26.0,2.0,81.0
14.17,Clear,Low,Afternoon,Bike,8.0,0.0,55.0
6.63,Foggy,Low,Night,Scooter,24.0,3.0,58.0
